,LOCATION,SUBJECT,TIME,percent_GDP
34,BEL,TOT,1980,2.952
35,BEL,TOT,1981,3.013
36,BEL,TOT,1982,2.972
37,BEL,TOT,1983,2.752
38,BEL,TOT,1984,2.622
39,BEL,TOT,1985,2.558
40,BEL,TOT,1986,2.535
41,BEL,TOT,1987,2.414
42,BEL,TOT,1988,2.301
43,BEL,TOT,1989,2.184
44,BEL,TOT,1990,2.223
45,BEL,TOT,1991,2.212
46,BEL,TOT,1992,2.222
47,BEL,TOT,1993,2.317
48,BEL,TOT,1994,2.195
49,BEL,TOT,1995,2.243
50,BEL,TOT,1996,2.265
51,BEL,TOT,1997,2.374
52,BEL,TOT,1998,2.727
53,BEL,TOT,1999,2.679
54,BEL,TOT,2000,2.468
55,BEL,TOT,2001,2.569
56,BEL,TOT,2002,2.606
57,BEL,TOT,2003,2.661
58,BEL,TOT,2004,2.611
59,BEL,TOT,2005,2.586
60,BEL,TOT,2006,2.586
61,BEL,TOT,2007,2.642
62,BEL,TOT,2008,2.675
63,BEL,TOT,2009,2.846
64,BEL,TOT,2010,2.831
65,BEL,TOT,2011,2.864
66,BEL,TOT,2012,2.806
67,BEL,TOT,2013,2.844
68,BEL,TOT,2014,2.86
69,BEL,TOT,2015,2.777
70,BEL,TOT,2016,2.766
71,BEL,TOT,2017,2.744
72,BEL,TOT,2018,2.725
73,BEL,TOT,2019,2.771
114,ESP,TOT,1980,0.458
115,ESP,TOT,1981,0.392
116,ESP,TOT,1982,0.38
117,ESP,TOT,1983,0.331
118,ESP,TOT,1984,0.296
119,ESP,TOT,1985,0.255
120,ESP,TOT,1986,0.21
121,ESP,TOT,1987,0.177
122,ESP,TOT,1988,0.162
123,ESP,TOT,1989,0.15
124,ESP,TOT,1990,0.311
125,ESP,TOT,1991,0.296
126,ESP,TOT,1992,0.391
127,ESP,TOT,1993,0.413
128,ESP,TOT,1994,0.401
129,ESP,TOT,1995,0.403
130,ESP,TOT,1996,0.472
131,ESP,TOT,1997,0.455
132,ESP,TOT,1998,0.802
133,ESP,TOT,1999,0.79
134,ESP,TOT,2000,0.942
135,ESP,TOT,2001,0.892
136,ESP,TOT,2002,0.905
137,ESP,TOT,2003,1.053
138,ESP,TOT,2004,1.082
139,ESP,TOT,2005,1.159
140,ESP,TOT,2006,1.181
141,ESP,TOT,2007,1.228
142,ESP,TOT,2008,1.332
143,ESP,TOT,2009,1.487
144,ESP,TOT,2010,1.425
145,ESP,TOT,2011,1.341
146,ESP,TOT,2012,1.305
147,ESP,TOT,2013,1.312
148,ESP,TOT,2014,1.276
149,ESP,TOT,2015,1.238
150,ESP,TOT,2016,1.207
151,ESP,TOT,2017,1.205
152,ESP,TOT,2018,1.224
153,ESP,TOT,2019,1.274
260,KOR,TOT,1990,0.03
261,KOR,TOT,1991,0.037
262,KOR,TOT,1992,0.04
263,KOR,TOT,1993,0.049
264,KOR,TOT,1994,0.05
265,KOR,TOT,1995,0.06
266,KOR,TOT,1996,0.069
267,KOR,TOT,1997,0.079
268,KOR,TOT,1998,0.102
269,KOR,TOT,1999,0.09
270,KOR,TOT,2000,0.102
271,KOR,TOT,2001,0.133
272,KOR,TOT,2002,0.13
273,KOR,TOT,2003,0.151
274,KOR,TOT,2004,0.182
275,KOR,TOT,2005,0.223
276,KOR,TOT,2006,0.473
277,KOR,TOT,2007,0.417
278,KOR,TOT,2008,0.541
279,KOR,TOT,2009,0.649
280,KOR,TOT,2010,0.669
281,KOR,TOT,2011,0.673
282,KOR,TOT,2012,0.833
283,KOR,TOT,2013,1.143
284,KOR,TOT,2014,1.123
285,KOR,TOT,2015,1.127
286,KOR,TOT,2016,1.102
287,KOR,TOT,2017,1.103
288,KOR,TOT,2018,1.18
289,KOR,TOT,2019,1.374
290,KOR,TOT,2020,1.547
291,SWE,TOT,1980,3.463
292,SWE,TOT,1981,3.585
293,SWE,TOT,1982,3.393
294,SWE,TOT,1983,3.538
295,SWE,TOT,1984,3.444
296,SWE,TOT,1985,3.655
297,SWE,TOT,1986,3.672
298,SWE,TOT,1987,3.74
299,SWE,TOT,1988,3.75
300,SWE,TOT,1989,3.635
301,SWE,TOT,1990,3.976
302,SWE,TOT,1991,4.337
303,SWE,TOT,1992,4.392
304,SWE,TOT,1993,4.165
305,SWE,TOT,1994,4.088
306,SWE,TOT,1995,3.58
307,SWE,TOT,1996,3.306
308,SWE,TOT,1997,3.084
309,SWE,TOT,1998,3.075
310,SWE,TOT,1999,3.005
311,SWE,TOT,2000,2.775
312,SWE,TOT,2001,2.909
313,SWE,TOT,2002,3.057
314,SWE,TOT,2003,3.111
315,SWE,TOT,2004,3.1
316,SWE,TOT,2005,3.129
317,SWE,TOT,2006,3.217
318,SWE,TOT,2007,3.175
319,SWE,TOT,2008,3.302
320,SWE,TOT,2009,3.481
321,SWE,TOT,2010,3.374
322,SWE,TOT,2011,3.372
323,SWE,TOT,2012,3.492
324,SWE,TOT,2013,3.544
325,SWE,TOT,2014,3.54
326,SWE,TOT,2015,3.457
327,SWE,TOT,2016,3.495
328,SWE,TOT,2017,3.384
329,SWE,TOT,2018,3.464
330,SWE,TOT,2019,3.421
451,DNK,TOT,1980,2.737
452,DNK,TOT,1981,2.813
453,DNK,TOT,1982,2.789
454,DNK,TOT,1983,2.617
455,DNK,TOT,1984,2.552
456,DNK,TOT,1985,2.536
457,DNK,TOT,1986,2.52
458,DNK,TOT,1987,2.89
459,DNK,TOT,1988,3.181
460,DNK,TOT,1989,3.146
461,DNK,TOT,1990,3.193
462,DNK,TOT,1991,3.26
463,DNK,TOT,1992,3.35
464,DNK,TOT,1993,3.55
465,DNK,TOT,1994,3.819
466,DNK,TOT,1995,3.775
467,DNK,TOT,1996,3.708
468,DNK,TOT,1997,3.636
469,DNK,TOT,1998,3.466
470,DNK,TOT,1999,3.483
471,DNK,TOT,2000,3.395
472,DNK,TOT,2001,3.463
473,DNK,TOT,2002,3.556
474,DNK,TOT,2003,3.671
475,DNK,TOT,2004,3.575
476,DNK,TOT,2005,3.5
477,DNK,TOT,2006,3.454
478,DNK,TOT,2007,3.675
479,DNK,TOT,2008,3.725
480,DNK,TOT,2009,4.06
481,DNK,TOT,2010,3.893
482,DNK,TOT,2011,3.921
483,DNK,TOT,2012,3.804
484,DNK,TOT,2013,3.732
485,DNK,TOT,2014,3.619
486,DNK,TOT,2015,3.519
487,DNK,TOT,2016,3.478
488,DNK,TOT,2017,3.399
489,DNK,TOT,2018,3.372
490,DNK,TOT,2019,3.313
598,NOR,TOT,1980,1.782
599,NOR,TOT,1985,1.85
600,NOR,TOT,1988,2.397
601,NOR,TOT,1989,2.581
602,NOR,TOT,1990,2.689
603,NOR,TOT,1991,3.031
604,NOR,TOT,1992,3.35
605,NOR,TOT,1993,3.436
606,NOR,TOT,1994,3.551
607,NOR,TOT,1995,3.477
608,NOR,TOT,1996,3.394
609,NOR,TOT,1997,3.264
610,NOR,TOT,1998,3.441
611,NOR,TOT,1999,3.422
612,NOR,TOT,2000,2.996
613,NOR,TOT,2001,3.128
614,NOR,TOT,2002,3.024
615,NOR,TOT,2003,3.072
616,NOR,TOT,2004,2.969
617,NOR,TOT,2005,2.79
618,NOR,TOT,2006,2.691
619,NOR,TOT,2007,2.745
620,NOR,TOT,2008,2.727
621,NOR,TOT,2009,3.185
622,NOR,TOT,2010,3.149
623,NOR,TOT,2011,3.109
624,NOR,TOT,2012,3.047
625,NOR,TOT,2013,3.088
626,NOR,TOT,2014,3.161
627,NOR,TOT,2015,3.266
628,NOR,TOT,2016,3.364
629,NOR,TOT,2017,3.242
630,NOR,TOT,2018,3.071
631,NOR,TOT,2019,3.187
765,CHL,TOT,1987,0.76
766,CHL,TOT,1988,0.593
767,CHL,TOT,1989,0.501
768,CHL,TOT,1990,0.512
769,CHL,TOT,1991,0.501
770,CHL,TOT,1992,0.471
771,CHL,TOT,1993,0.457
772,CHL,TOT,1994,0.442
773,CHL,TOT,1995,0.417
774,CHL,TOT,1996,0.438
775,CHL,TOT,1997,0.452
776,CHL,TOT,1998,0.493
777,CHL,TOT,1999,0.709
778,CHL,TOT,2000,1.133
779,CHL,TOT,2001,1.004
780,CHL,TOT,2002,1.014
781,CHL,TOT,2003,0.985
782,CHL,TOT,2004,0.978
783,CHL,TOT,2005,0.841
784,CHL,TOT,2006,0.824
785,CHL,TOT,2007,0.954
786,CHL,TOT,2008,1.15
787,CHL,TOT,2009,1.683
788,CHL,TOT,2010,1.49
789,CHL,TOT,2011,1.31
790,CHL,TOT,2012,1.367
791,CHL,TOT,2013,1.415
792,CHL,TOT,2014,1.533
793,CHL,TOT,2015,1.712
794,CHL,TOT,2016,1.794
795,CHL,TOT,2017,1.776
796,CHL,TOT,2018,1.74
797,CHL,TOT,2019,1.744
798,CHL,TOT,2020,3.232
799,CHL,TOT,2021,8.155
800,IRL,TOT,1980,1.053
801,IRL,TOT,1981,1.136
802,IRL,TOT,1982,1.415
803,IRL,TOT,1983,1.445
804,IRL,TOT,1984,1.403
805,IRL,TOT,1985,1.378
806,IRL,TOT,1986,1.525
807,IRL,TOT,1987,1.543
808,IRL,TOT,1988,1.45
809,IRL,TOT,1989,1.34
810,IRL,TOT,1990,1.915
811,IRL,TOT,1991,2.017
812,IRL,TOT,1992,2.098
813,IRL,TOT,1993,2.079
814,IRL,TOT,1994,2.148
815,IRL,TOT,1995,2.084
816,IRL,TOT,1996,2.158
817,IRL,TOT,1997,2.066
818,IRL,TOT,1998,2.096
819,IRL,TOT,1999,2.052
820,IRL,TOT,2000,1.95
821,IRL,TOT,2001,2.192
822,IRL,TOT,2002,2.545
823,IRL,TOT,2003,2.66
824,IRL,TOT,2004,2.637
825,IRL,TOT,2005,2.555
826,IRL,TOT,2006,2.593
827,IRL,TOT,2007,2.703
828,IRL,TOT,2008,3.182
829,IRL,TOT,2009,3.686
830,IRL,TOT,2010,3.429
831,IRL,TOT,2011,3.232
832,IRL,TOT,2012,3.16
833,IRL,TOT,2013,2.931
834,IRL,TOT,2014,2.659
835,IRL,TOT,2015,1.994
836,IRL,TOT,2016,1.963
837,IRL,TOT,2017,1.849
838,IRL,TOT,2018,1.741
839,IRL,TOT,2019,1.635
942,USA,TOT,1980,0.767
943,USA,TOT,1981,0.707
944,USA,TOT,1982,0.638
945,USA,TOT,1983,0.651
946,USA,TOT,1984,0.62
947,USA,TOT,1985,0.604
948,USA,TOT,1986,0.429
949,USA,TOT,1987,0.43
950,USA,TOT,1988,0.435
951,USA,TOT,1989,0.433
952,USA,TOT,1990,0.456
953,USA,TOT,1991,0.566
954,USA,TOT,1992,0.573
955,USA,TOT,1993,0.59
956,USA,TOT,1994,0.585
957,USA,TOT,1995,0.591
958,USA,TOT,1996,0.543
959,USA,TOT,1997,0.408
960,USA,TOT,1998,0.789
961,USA,TOT,1999,0.779
962,USA,TOT,2000,0.792
963,USA,TOT,2001,0.831
964,USA,TOT,2002,0.846
965,USA,TOT,2003,0.797
966,USA,TOT,2004,0.745
967,USA,TOT,2005,0.706
968,USA,TOT,2006,0.709
969,USA,TOT,2007,0.702
970,USA,TOT,2008,0.701
971,USA,TOT,2009,0.736
972,USA,TOT,2010,0.75
973,USA,TOT,2011,0.719
974,USA,TOT,2012,0.684
975,USA,TOT,2013,0.666
976,USA,TOT,2014,0.644
977,USA,TOT,2015,0.643
978,USA,TOT,2016,0.64
979,USA,TOT,2017,0.631
980,USA,TOT,2018,0.621
981,USA,TOT,2019,0.619
982,USA,TOT,2020,0.667
1013,EST,TOT,1999,1.738
1014,EST,TOT,2000,1.746
1015,EST,TOT,2001,1.604
1016,EST,TOT,2002,1.575
1017,EST,TOT,2003,1.423
1018,EST,TOT,2004,1.838
1019,EST,TOT,2005,1.738
1020,EST,TOT,2006,1.682
1021,EST,TOT,2007,1.611
1022,EST,TOT,2008,2.103
1023,EST,TOT,2009,2.56
1024,EST,TOT,2010,2.557
1025,EST,TOT,2011,2.231
1026,EST,TOT,2012,2.039
1027,EST,TOT,2013,1.914
1028,EST,TOT,2014,2.293
1029,EST,TOT,2015,2.786
1030,EST,TOT,2016,2.902
1031,EST,TOT,2017,2.825
1032,EST,TOT,2018,3.119
1033,EST,TOT,2019,3.21
1101,CZE,TOT,1990,2.259
1102,CZE,TOT,1991,2.477
1103,CZE,TOT,1992,2.403
1104,CZE,TOT,1993,2.004
1105,CZE,TOT,1994,1.966
1106,CZE,TOT,1995,1.843
1107,CZE,TOT,1996,1.717
1108,CZE,TOT,1997,1.652
1109,CZE,TOT,1998,1.815
1110,CZE,TOT,1999,1.818
1111,CZE,TOT,2000,1.768
1112,CZE,TOT,2001,1.699
1113,CZE,TOT,2002,1.748
1114,CZE,TOT,2003,1.667
1115,CZE,TOT,2004,1.732
1116,CZE,TOT,2005,1.982
1117,CZE,TOT,2006,1.928
1118,CZE,TOT,2007,2.16
1119,CZE,TOT,2008,2.224
1120,CZE,TOT,2009,2.34
1121,CZE,TOT,2010,2.288
1122,CZE,TOT,2011,2.116
1123,CZE,TOT,2012,2.188
1124,CZE,TOT,2013,2.181
1125,CZE,TOT,2014,2.078
1126,CZE,TOT,2015,2.013
1127,CZE,TOT,2016,1.981
1128,CZE,TOT,2017,1.99
1129,CZE,TOT,2018,2.097
1130,CZE,TOT,2019,2.098
1171,OECD,TOT,1980,1.455
1172,OECD,TOT,1981,1.488
1173,OECD,TOT,1982,1.483
1174,OECD,TOT,1983,1.461
1175,OECD,TOT,1984,1.418
1176,OECD,TOT,1985,1.414
1177,OECD,TOT,1986,1.408
1178,OECD,TOT,1987,1.411
1179,OECD,TOT,1988,1.412
1180,OECD,TOT,1989,1.419
1181,OECD,TOT,1990,1.552
1182,OECD,TOT,1991,1.633
1183,OECD,TOT,1992,1.699
1184,OECD,TOT,1993,1.745
1185,OECD,TOT,1994,1.785
1186,OECD,TOT,1995,1.747
1187,OECD,TOT,1996,1.746
1188,OECD,TOT,1997,1.716
1189,OECD,TOT,1998,1.84
1190,OECD,TOT,1999,1.836
1191,OECD,TOT,2000,1.772
1192,OECD,TOT,2001,1.78
1193,OECD,TOT,2002,1.812
1194,OECD,TOT,2003,1.868
1195,OECD,TOT,2004,1.847
1196,OECD,TOT,2005,1.847
1197,OECD,TOT,2006,1.845
1198,OECD,TOT,2007,1.846
1199,OECD,TOT,2008,2.009
1200,OECD,TOT,2009,2.216
1201,OECD,TOT,2010,2.17
1202,OECD,TOT,2011,2.079
1203,OECD,TOT,2012,2.071
1204,OECD,TOT,2013,2.07
1205,OECD,TOT,2014,2.058
1206,OECD,TOT,2015,2.068
1207,OECD,TOT,2016,2.086
1208,OECD,TOT,2017,2.077
1209,OECD,TOT,2018,2.085
1210,OECD,TOT,2019,2.109
1251,HUN,TOT,1999,3.128
1252,HUN,TOT,2000,2.994
1253,HUN,TOT,2001,2.877
1254,HUN,TOT,2002,2.946
1255,HUN,TOT,2003,3.209
1256,HUN,TOT,2004,2.948
1257,HUN,TOT,2005,2.993
1258,HUN,TOT,2006,3.258
1259,HUN,TOT,2007,3.216
1260,HUN,TOT,2008,3.24
1261,HUN,TOT,2009,3.386
1262,HUN,TOT,2010,3.359
1263,HUN,TOT,2011,3.162
1264,HUN,TOT,2012,3.059
1265,HUN,TOT,2013,2.969
1266,HUN,TOT,2014,2.874
1267,HUN,TOT,2015,2.713
1268,HUN,TOT,2016,2.661
1269,HUN,TOT,2017,2.588
1270,HUN,TOT,2018,2.504
1271,HUN,TOT,2019,2.392
1272,ISL,TOT,1990,2.361
1273,ISL,TOT,1991,2.45
1274,ISL,TOT,1992,2.462
1275,ISL,TOT,1993,2.369
1276,ISL,TOT,1994,2.316
1277,ISL,TOT,1995,2.36
1278,ISL,TOT,1996,2.433
1279,ISL,TOT,1997,2.32
1280,ISL,TOT,1998,2.209
1281,ISL,TOT,1999,2.182
1282,ISL,TOT,2000,2.123
1283,ISL,TOT,2001,2.386
1284,ISL,TOT,2002,2.58
1285,ISL,TOT,2003,2.945
1286,ISL,TOT,2004,2.984
1287,ISL,TOT,2005,2.857
1288,ISL,TOT,2006,2.963
1289,ISL,TOT,2007,3.33
1290,ISL,TOT,2008,3.422
1291,ISL,TOT,2009,3.645
1292,ISL,TOT,2010,3.521
1293,ISL,TOT,2011,3.272
1294,ISL,TOT,2012,3.352
1295,ISL,TOT,2013,3.429
1296,ISL,TOT,2014,3.518
1297,ISL,TOT,2015,3.285
1298,ISL,TOT,2016,3.194
1299,ISL,TOT,2017,3.222
1300,ISL,TOT,2018,3.313
1301,ISL,TOT,2019,3.343
1302,LUX,TOT,1980,1.703
1303,LUX,TOT,1981,1.776
1304,LUX,TOT,1982,1.669
1305,LUX,TOT,1983,1.647
1306,LUX,TOT,1984,1.566
1307,LUX,TOT,1985,1.53
1308,LUX,TOT,1986,1.588
1309,LUX,TOT,1987,1.596
1310,LUX,TOT,1988,1.562
1311,LUX,TOT,1989,1.709
1312,LUX,TOT,1990,1.931
1313,LUX,TOT,1991,1.965
1314,LUX,TOT,1992,2.032
1315,LUX,TOT,1993,2.36
1316,LUX,TOT,1994,2.534
1317,LUX,TOT,1995,2.601
1318,LUX,TOT,1996,2.621
1319,LUX,TOT,1997,2.54
1320,LUX,TOT,1998,2.835
1321,LUX,TOT,1999,2.987
1322,LUX,TOT,2000,2.983
1323,LUX,TOT,2001,3.057
1324,LUX,TOT,2002,3.366
1325,LUX,TOT,2003,3.74
1326,LUX,TOT,2004,3.657
1327,LUX,TOT,2005,3.569
1328,LUX,TOT,2006,3.347
1329,LUX,TOT,2007,3.121
1330,LUX,TOT,2008,3.865
1331,LUX,TOT,2009,3.872
1332,LUX,TOT,2010,3.734
1333,LUX,TOT,2011,3.433
1334,LUX,TOT,2012,3.426
1335,LUX,TOT,2013,3.424
1336,LUX,TOT,2014,3.319
1337,LUX,TOT,2015,3.24
1338,LUX,TOT,2016,3.15
1339,LUX,TOT,2017,3.22
1340,LUX,TOT,2018,3.305
1341,LUX,TOT,2019,3.363
1342,AUT,TOT,1980,3.164
1343,AUT,TOT,1985,2.854
1344,AUT,TOT,1990,2.53
1345,AUT,TOT,1991,2.521
1346,AUT,TOT,1992,2.773
1347,AUT,TOT,1993,2.956
1348,AUT,TOT,1994,3.303
1349,AUT,TOT,1995,3.265
1350,AUT,TOT,1996,3.149
1351,AUT,TOT,1997,2.945
1352,AUT,TOT,1998,2.699
1353,AUT,TOT,1999,2.811
1354,AUT,TOT,2000,2.93
1355,AUT,TOT,2001,2.857
1356,AUT,TOT,2002,2.895
1357,AUT,TOT,2003,3.013
1358,AUT,TOT,2004,2.964
1359,AUT,TOT,2005,2.888
1360,AUT,TOT,2006,2.776
1361,AUT,TOT,2007,2.647
1362,AUT,TOT,2008,2.713
1363,AUT,TOT,2009,2.921
1364,AUT,TOT,2010,2.953
1365,AUT,TOT,2011,2.696
1366,AUT,TOT,2012,2.647
1367,AUT,TOT,2013,2.66
1368,AUT,TOT,2014,2.621
1369,AUT,TOT,2015,2.661
1370,AUT,TOT,2016,2.651
1371,AUT,TOT,2017,2.607
1372,AUT,TOT,2018,2.548
1373,AUT,TOT,2019,2.513
1404,FRA,TOT,1980,2.233
1405,FRA,TOT,1981,2.732
1406,FRA,TOT,1982,2.787
1407,FRA,TOT,1983,2.757
1408,FRA,TOT,1984,2.709
1409,FRA,TOT,1985,2.636
1410,FRA,TOT,1986,2.544
1411,FRA,TOT,1987,2.489
1412,FRA,TOT,1988,2.45
1413,FRA,TOT,1989,2.293
1414,FRA,TOT,1990,2.447
1415,FRA,TOT,1991,2.447
1416,FRA,TOT,1992,2.446
1417,FRA,TOT,1993,2.628
1418,FRA,TOT,1994,2.628
1419,FRA,TOT,1995,2.661
1420,FRA,TOT,1996,2.666
1421,FRA,TOT,1997,2.724
1422,FRA,TOT,1998,3.289
1423,FRA,TOT,1999,3.269
1424,FRA,TOT,2000,3.006
1425,FRA,TOT,2001,2.929
1426,FRA,TOT,2002,2.916
1427,FRA,TOT,2003,2.973
1428,FRA,TOT,2004,3.003
1429,FRA,TOT,2005,2.934
1430,FRA,TOT,2006,2.849
1431,FRA,TOT,2007,2.822
1432,FRA,TOT,2008,2.807
1433,FRA,TOT,2009,3.001
1434,FRA,TOT,2010,2.923
1435,FRA,TOT,2011,2.868
1436,FRA,TOT,2012,2.91
1437,FRA,TOT,2013,2.978
1438,FRA,TOT,2014,2.984
1439,FRA,TOT,2015,2.928
1440,FRA,TOT,2016,2.888
1441,FRA,TOT,2017,2.858
1442,FRA,TOT,2018,2.788
1443,FRA,TOT,2019,2.712
1444,FRA,TOT,2020,2.928
1445,NZL,TOT,1980,2.138
1446,NZL,TOT,1981,1.923
1447,NZL,TOT,1982,1.907
1448,NZL,TOT,1983,1.857
1449,NZL,TOT,1984,1.972
1450,NZL,TOT,1985,2.226
1451,NZL,TOT,1986,2.486
1452,NZL,TOT,1987,2.315
1453,NZL,TOT,1988,2.339
1454,NZL,TOT,1989,2.548
1455,NZL,TOT,1990,2.542
1456,NZL,TOT,1991,2.199
1457,NZL,TOT,1992,2.194
1458,NZL,TOT,1993,2.02
1459,NZL,TOT,1994,2.238
1460,NZL,TOT,1995,2.238
1461,NZL,TOT,1996,2.319
1462,NZL,TOT,1997,2.723
1463,NZL,TOT,1998,3.007
1464,NZL,TOT,1999,2.854
1465,NZL,TOT,2000,2.712
1466,NZL,TOT,2001,2.579
1467,NZL,TOT,2002,2.532
1468,NZL,TOT,2003,2.442
1469,NZL,TOT,2004,2.336
1470,NZL,TOT,2005,2.957
1471,NZL,TOT,2006,3.286
1472,NZL,TOT,2007,3.325
1473,NZL,TOT,2008,3.548
1474,NZL,TOT,2009,3.777
1475,NZL,TOT,2010,3.711
1476,NZL,TOT,2011,3.594
1477,NZL,TOT,2012,3.423
1478,NZL,TOT,2013,3.018
1479,NZL,TOT,2014,2.891
1480,NZL,TOT,2015,2.778
1481,NZL,TOT,2016,2.67
1482,NZL,TOT,2017,2.421
1483,NZL,TOT,2018,2.591
1484,NZL,TOT,2019,2.65
1485,NZL,TOT,2020,2.832
1486,NZL,TOT,2021,2.779
1969,GBR,TOT,1980,2.178
1970,GBR,TOT,1981,2.277
1971,GBR,TOT,1982,2.276
1972,GBR,TOT,1983,2.22
1973,GBR,TOT,1984,2.193
1974,GBR,TOT,1985,2.137
1975,GBR,TOT,1986,2.048
1976,GBR,TOT,1987,1.939
1977,GBR,TOT,1988,1.915
1978,GBR,TOT,1989,1.855
1979,GBR,TOT,1990,1.752
1980,GBR,TOT,1991,1.895
1981,GBR,TOT,1992,2.074
1982,GBR,TOT,1993,2.139
1983,GBR,TOT,1994,2.094
1984,GBR,TOT,1995,1.988
1985,GBR,TOT,1996,1.985
1986,GBR,TOT,1997,1.934
1987,GBR,TOT,1998,2.422
1988,GBR,TOT,1999,2.275
1989,GBR,TOT,2000,2.391
1990,GBR,TOT,2001,2.481
1991,GBR,TOT,2002,2.532
1992,GBR,TOT,2003,2.791
1993,GBR,TOT,2004,2.874
1994,GBR,TOT,2005,2.834
1995,GBR,TOT,2006,2.825
1996,GBR,TOT,2007,3.097
1997,GBR,TOT,2008,3.32
1998,GBR,TOT,2009,3.665
1999,GBR,TOT,2010,3.916
2000,GBR,TOT,2011,3.832
2001,GBR,TOT,2012,3.866
2002,GBR,TOT,2013,3.629
2003,GBR,TOT,2014,3.457
2004,GBR,TOT,2015,3.403
2005,GBR,TOT,2016,3.283
2006,GBR,TOT,2017,3.193
2007,GBR,TOT,2018,2.982
2008,GBR,TOT,2019,2.408
2009,GBR,TOT,2020,2.306
2110,NLD,TOT,1980,2.319
2111,NLD,TOT,1981,2.249
2112,NLD,TOT,1982,2.246
2113,NLD,TOT,1983,2.175
2114,NLD,TOT,1984,2.069
2115,NLD,TOT,1985,1.985
2116,NLD,TOT,1986,1.851
2117,NLD,TOT,1987,1.555
2118,NLD,TOT,1988,1.525
2119,NLD,TOT,1989,1.57
2120,NLD,TOT,1990,1.544
2121,NLD,TOT,1991,1.481
2122,NLD,TOT,1992,1.396
2123,NLD,TOT,1993,1.378
2124,NLD,TOT,1994,1.332
2125,NLD,TOT,1995,1.253
2126,NLD,TOT,1996,1.125
2127,NLD,TOT,1997,1.144
2128,NLD,TOT,1998,1.413
2129,NLD,TOT,1999,1.381
2130,NLD,TOT,2000,1.428
2131,NLD,TOT,2001,1.419
2132,NLD,TOT,2002,1.506
2133,NLD,TOT,2003,1.592
2134,NLD,TOT,2004,1.572
2135,NLD,TOT,2005,1.536
2136,NLD,TOT,2006,1.751
2137,NLD,TOT,2007,1.235
2138,NLD,TOT,2008,1.447
2139,NLD,TOT,2009,1.572
2140,NLD,TOT,2010,1.527
2141,NLD,TOT,2011,1.501
2142,NLD,TOT,2012,1.39
2143,NLD,TOT,2013,1.322
2144,NLD,TOT,2014,1.261
2145,NLD,TOT,2015,1.441
2146,NLD,TOT,2016,1.477
2147,NLD,TOT,2017,1.491
2148,NLD,TOT,2018,1.492
2149,NLD,TOT,2019,1.575
2150,DEU,TOT,1980,2.012
2151,DEU,TOT,1981,2.058
2152,DEU,TOT,1982,1.839
2153,DEU,TOT,1983,1.669
2154,DEU,TOT,1984,1.561
2155,DEU,TOT,1985,1.487
2156,DEU,TOT,1986,1.512
2157,DEU,TOT,1987,1.558
2158,DEU,TOT,1988,1.515
2159,DEU,TOT,1989,1.452
2160,DEU,TOT,1990,1.828
2161,DEU,TOT,1991,2.11
2162,DEU,TOT,1992,2.177
2163,DEU,TOT,1993,2.189
2164,DEU,TOT,1994,2.088
2165,DEU,TOT,1995,2.069
2166,DEU,TOT,1996,1.998
2167,DEU,TOT,1997,2.044
2168,DEU,TOT,1998,2.033
2169,DEU,TOT,1999,2.076
2170,DEU,TOT,2000,2.058
2171,DEU,TOT,2001,2.013
2172,DEU,TOT,2002,2.084
2173,DEU,TOT,2003,2.093
2174,DEU,TOT,2004,2.053
2175,DEU,TOT,2005,2.053
2176,DEU,TOT,2006,1.744
2177,DEU,TOT,2007,1.821
2178,DEU,TOT,2008,1.906
2179,DEU,TOT,2009,2.178
2180,DEU,TOT,2010,2.189
2181,DEU,TOT,2011,2.143
2182,DEU,TOT,2012,2.168
2183,DEU,TOT,2013,2.215
2184,DEU,TOT,2014,2.227
2185,DEU,TOT,2015,2.264
2186,DEU,TOT,2016,2.317
2187,DEU,TOT,2017,2.335
2188,DEU,TOT,2018,2.37
2189,DEU,TOT,2019,2.42
2250,GRC,TOT,1980,0.299
2251,GRC,TOT,1981,0.415
2252,GRC,TOT,1982,0.361
2253,GRC,TOT,1983,0.318
2254,GRC,TOT,1984,0.261
2255,GRC,TOT,1985,0.309
2256,GRC,TOT,1986,0.29
2257,GRC,TOT,1987,0.247
2258,GRC,TOT,1988,0.205
2259,GRC,TOT,1989,0.173
2260,GRC,TOT,1990,0.651
2261,GRC,TOT,1991,0.784
2262,GRC,TOT,1992,0.766
2263,GRC,TOT,1993,0.784
2264,GRC,TOT,1994,1.005
2265,GRC,TOT,1995,1.0
2266,GRC,TOT,1996,0.978
2267,GRC,TOT,1997,0.926
2268,GRC,TOT,1998,0.965
2269,GRC,TOT,1999,0.911
2270,GRC,TOT,2000,0.818
2271,GRC,TOT,2001,0.758
2272,GRC,TOT,2002,0.726
2273,GRC,TOT,2003,0.757
2274,GRC,TOT,2004,0.777
2275,GRC,TOT,2005,0.779
2276,GRC,TOT,2006,0.74
2277,GRC,TOT,2007,0.84
2278,GRC,TOT,2008,0.839
2279,GRC,TOT,2009,0.954
2280,GRC,TOT,2010,0.978
2281,GRC,TOT,2011,1.021
2282,GRC,TOT,2012,1.177
2283,GRC,TOT,2013,1.329
2284,GRC,TOT,2014,1.377
2285,GRC,TOT,2015,1.285
2286,GRC,TOT,2016,1.271
2287,GRC,TOT,2017,1.655
2288,GRC,TOT,2018,1.884
2289,GRC,TOT,2019,1.768
2474,PRT,TOT,1980,0.638
2475,PRT,TOT,1981,0.726
2476,PRT,TOT,1982,0.699
2477,PRT,TOT,1983,0.7
2478,PRT,TOT,1984,0.662
2479,PRT,TOT,1985,0.6
2480,PRT,TOT,1986,0.66
2481,PRT,TOT,1987,0.654
2482,PRT,TOT,1988,0.615
2483,PRT,TOT,1989,0.579
2484,PRT,TOT,1990,0.687
2485,PRT,TOT,1991,0.741
2486,PRT,TOT,1992,0.732
2487,PRT,TOT,1993,0.747
2488,PRT,TOT,1994,0.705
2489,PRT,TOT,1995,0.703
2490,PRT,TOT,1996,0.692
2491,PRT,TOT,1997,0.69
2492,PRT,TOT,1998,0.886
2493,PRT,TOT,1999,0.921
2494,PRT,TOT,2000,0.974
2495,PRT,TOT,2001,1.009
2496,PRT,TOT,2002,1.307
2497,PRT,TOT,2003,1.41
2498,PRT,TOT,2004,1.164
2499,PRT,TOT,2005,1.182
2500,PRT,TOT,2006,1.163
2501,PRT,TOT,2007,1.153
2502,PRT,TOT,2008,1.234
2503,PRT,TOT,2009,1.446
2504,PRT,TOT,2010,1.388
2505,PRT,TOT,2011,1.208
2506,PRT,TOT,2012,1.237
2507,PRT,TOT,2013,1.238
2508,PRT,TOT,2014,1.229
2509,PRT,TOT,2015,1.196
2510,PRT,TOT,2016,1.209
2511,PRT,TOT,2017,1.201
2512,PRT,TOT,2018,1.186
2513,PRT,TOT,2019,1.209
2514,ISR,TOT,1995,2.438
2515,ISR,TOT,1996,2.507
2516,ISR,TOT,1997,2.45
2517,ISR,TOT,1998,2.413
2518,ISR,TOT,1999,2.453
2519,ISR,TOT,2000,2.339
2520,ISR,TOT,2001,2.496
2521,ISR,TOT,2002,2.345
2522,ISR,TOT,2003,2.145
2523,ISR,TOT,2004,1.888
2524,ISR,TOT,2005,1.756
2525,ISR,TOT,2006,1.797
2526,ISR,TOT,2007,1.734
2527,ISR,TOT,2008,1.797
2528,ISR,TOT,2009,1.884
2529,ISR,TOT,2010,1.971
2530,ISR,TOT,2011,1.899
2531,ISR,TOT,2012,1.94
2532,ISR,TOT,2013,1.938
2533,ISR,TOT,2014,1.791
2534,ISR,TOT,2015,1.824
2535,ISR,TOT,2016,1.873
2536,ISR,TOT,2017,2.203
2537,ISR,TOT,2018,2.085
2538,ISR,TOT,2019,2.065
2539,ISR,TOT,2020,2.041
2540,ISR,TOT,2021,1.888
2622,JPN,TOT,1980,0.443
2623,JPN,TOT,1981,0.448
2624,JPN,TOT,1982,0.449
2625,JPN,TOT,1983,0.43
2626,JPN,TOT,1984,0.408
2627,JPN,TOT,1985,0.408
2628,JPN,TOT,1986,0.391
2629,JPN,TOT,1987,0.382
2630,JPN,TOT,1988,0.358
2631,JPN,TOT,1989,0.342
2632,JPN,TOT,1990,0.336
2633,JPN,TOT,1991,0.336
2634,JPN,TOT,1992,0.431
2635,JPN,TOT,1993,0.443
2636,JPN,TOT,1994,0.435
2637,JPN,TOT,1995,0.415
2638,JPN,TOT,1996,0.455
2639,JPN,TOT,1997,0.451
2640,JPN,TOT,1998,0.466
2641,JPN,TOT,1999,0.528
2642,JPN,TOT,2000,0.539
2643,JPN,TOT,2001,0.594
2644,JPN,TOT,2002,0.627
2645,JPN,TOT,2003,0.63
2646,JPN,TOT,2004,0.673
2647,JPN,TOT,2005,0.704
2648,JPN,TOT,2006,0.686
2649,JPN,TOT,2007,0.686
2650,JPN,TOT,2008,0.737
2651,JPN,TOT,2009,0.803
2652,JPN,TOT,2010,1.127
2653,JPN,TOT,2011,1.185
2654,JPN,TOT,2012,1.134
2655,JPN,TOT,2013,1.13
2656,JPN,TOT,2014,1.177
2657,JPN,TOT,2015,1.409
2658,JPN,TOT,2016,1.471
2659,JPN,TOT,2017,1.561
2660,JPN,TOT,2018,1.626
2661,JPN,TOT,2019,1.748
2662,JPN,TOT,2020,1.995
2744,CAN,TOT,1980,0.731
2745,CAN,TOT,1981,0.752
2746,CAN,TOT,1982,0.777
2747,CAN,TOT,1983,0.747
2748,CAN,TOT,1984,0.708
2749,CAN,TOT,1985,0.68
2750,CAN,TOT,1986,0.62
2751,CAN,TOT,1987,0.606
2752,CAN,TOT,1988,0.584
2753,CAN,TOT,1989,0.564
2754,CAN,TOT,1990,0.576
2755,CAN,TOT,1991,0.679
2756,CAN,TOT,1992,0.59
2757,CAN,TOT,1993,0.963
2758,CAN,TOT,1994,0.901
2759,CAN,TOT,1995,0.884
2760,CAN,TOT,1996,0.842
2761,CAN,TOT,1997,0.813
2762,CAN,TOT,1998,0.826
2763,CAN,TOT,1999,0.84
2764,CAN,TOT,2000,0.883
2765,CAN,TOT,2001,1.019
2766,CAN,TOT,2002,1.05
2767,CAN,TOT,2003,1.056
2768,CAN,TOT,2004,1.07
2769,CAN,TOT,2005,1.062
2770,CAN,TOT,2006,1.186
2771,CAN,TOT,2007,1.22
2772,CAN,TOT,2008,1.218
2773,CAN,TOT,2009,1.311
2774,CAN,TOT,2010,1.263
2775,CAN,TOT,2011,1.224
2776,CAN,TOT,2012,1.231
2777,CAN,TOT,2013,1.197
2778,CAN,TOT,2014,1.171
2779,CAN,TOT,2015,1.555
2780,CAN,TOT,2016,1.717
2781,CAN,TOT,2017,1.659
2782,CAN,TOT,2018,1.658
2783,CAN,TOT,2019,1.762
2784,CAN,TOT,2020,1.698
3040,CHE,TOT,1980,0.912
3041,CHE,TOT,1981,0.891
3042,CHE,TOT,1982,0.884
3043,CHE,TOT,1983,0.9
3044,CHE,TOT,1984,0.885
3045,CHE,TOT,1985,0.875
3046,CHE,TOT,1986,0.876
3047,CHE,TOT,1987,0.884
3048,CHE,TOT,1988,0.866
3049,CHE,TOT,1989,0.835
3050,CHE,TOT,1990,1.082
3051,CHE,TOT,1991,1.111
3052,CHE,TOT,1992,1.177
3053,CHE,TOT,1993,1.272
3054,CHE,TOT,1994,1.275
3055,CHE,TOT,1995,1.274
3056,CHE,TOT,1996,1.308
3057,CHE,TOT,1997,1.316
3058,CHE,TOT,1998,1.414
3059,CHE,TOT,1999,1.405
3060,CHE,TOT,2000,1.37
3061,CHE,TOT,2001,1.389
3062,CHE,TOT,2002,1.483
3063,CHE,TOT,2003,1.487
3064,CHE,TOT,2004,1.443
3065,CHE,TOT,2005,1.452
3066,CHE,TOT,2006,1.442
3067,CHE,TOT,2007,1.385
3068,CHE,TOT,2008,1.331
3069,CHE,TOT,2009,1.437
3070,CHE,TOT,2010,1.454
3071,CHE,TOT,2011,1.463
3072,CHE,TOT,2012,1.504
3073,CHE,TOT,2013,1.535
3074,CHE,TOT,2014,1.587
3075,CHE,TOT,2015,1.743
3076,CHE,TOT,2016,1.742
3077,CHE,TOT,2017,1.76
3078,CHE,TOT,2018,1.712
3079,CHE,TOT,2019,1.731
3111,FIN,TOT,1980,2.039
3112,FIN,TOT,1981,1.913
3113,FIN,TOT,1982,2.209
3114,FIN,TOT,1983,2.387
3115,FIN,TOT,1984,2.341
3116,FIN,TOT,1985,2.514
3117,FIN,TOT,1986,2.545
3118,FIN,TOT,1987,2.648
3119,FIN,TOT,1988,2.643
3120,FIN,TOT,1989,2.785
3121,FIN,TOT,1990,3.141
3122,FIN,TOT,1991,3.702
3123,FIN,TOT,1992,4.021
3124,FIN,TOT,1993,3.901
3125,FIN,TOT,1994,4.31
3126,FIN,TOT,1995,3.947
3127,FIN,TOT,1996,3.675
3128,FIN,TOT,1997,3.44
3129,FIN,TOT,1998,3.245
3130,FIN,TOT,1999,3.129
3131,FIN,TOT,2000,2.93
3132,FIN,TOT,2001,2.818
3133,FIN,TOT,2002,2.799
3134,FIN,TOT,2003,2.811
3135,FIN,TOT,2004,2.821
3136,FIN,TOT,2005,2.834
3137,FIN,TOT,2006,2.804
3138,FIN,TOT,2007,2.717
3139,FIN,TOT,2008,2.781
3140,FIN,TOT,2009,3.123
3141,FIN,TOT,2010,3.102
3142,FIN,TOT,2011,3.074
3143,FIN,TOT,2012,3.173
3144,FIN,TOT,2013,3.198
3145,FIN,TOT,2014,3.164
3146,FIN,TOT,2015,3.086
3147,FIN,TOT,2016,3.003
3148,FIN,TOT,2017,2.864
3149,FIN,TOT,2018,2.87
3150,FIN,TOT,2019,2.89
3175,AUS,TOT,1980,0.943
3176,AUS,TOT,1981,0.982
3177,AUS,TOT,1982,1.162
3178,AUS,TOT,1983,1.191
3179,AUS,TOT,1984,1.169
3180,AUS,TOT,1985,1.141
3181,AUS,TOT,1986,1.042
3182,AUS,TOT,1987,1.234
3183,AUS,TOT,1988,1.305
3184,AUS,TOT,1989,1.406
3185,AUS,TOT,1990,1.508
3186,AUS,TOT,1991,1.775
3187,AUS,TOT,1992,2.018
3188,AUS,TOT,1993,2.2
3189,AUS,TOT,1994,2.31
3190,AUS,TOT,1995,2.716
3191,AUS,TOT,1996,2.843
3192,AUS,TOT,1997,2.745
3193,AUS,TOT,1998,2.648
3194,AUS,TOT,1999,2.672
3195,AUS,TOT,2000,2.901
3196,AUS,TOT,2001,2.941
3197,AUS,TOT,2002,2.789
3198,AUS,TOT,2003,3.191
3199,AUS,TOT,2004,2.868
3200,AUS,TOT,2005,2.741
3201,AUS,TOT,2006,2.583
3202,AUS,TOT,2007,2.44
3203,AUS,TOT,2008,3.28
3204,AUS,TOT,2009,2.669
3205,AUS,TOT,2010,2.562
3206,AUS,TOT,2011,2.578
3207,AUS,TOT,2012,2.759
3208,AUS,TOT,2013,2.699
3209,AUS,TOT,2014,2.752
3210,AUS,TOT,2015,2.678
3211,AUS,TOT,2016,2.419
3212,AUS,TOT,2017,2.318
3213,AUS,TOT,2018,2.23
3214,AUS,TOT,2019,2.344
3255,SVK,TOT,1995,2.4
3256,SVK,TOT,1996,2.218
3257,SVK,TOT,1997,2.05
3258,SVK,TOT,1998,2.045
3259,SVK,TOT,1999,2.253
3260,SVK,TOT,2000,1.965
3261,SVK,TOT,2001,1.813
3262,SVK,TOT,2002,1.792
3263,SVK,TOT,2003,1.763
3264,SVK,TOT,2004,1.949
3265,SVK,TOT,2005,1.512
3266,SVK,TOT,2006,1.418
3267,SVK,TOT,2007,1.352
3268,SVK,TOT,2008,1.307
3269,SVK,TOT,2009,1.565
3270,SVK,TOT,2010,1.581
3271,SVK,TOT,2011,1.63
3272,SVK,TOT,2012,1.666
3273,SVK,TOT,2013,1.694
3274,SVK,TOT,2014,1.689
3275,SVK,TOT,2015,1.625
3276,SVK,TOT,2016,1.662
3277,SVK,TOT,2017,1.705
3278,SVK,TOT,2018,1.658
3279,SVK,TOT,2019,1.791
3280,MEX,TOT,1985,0.283
3281,MEX,TOT,1986,0.196
3282,MEX,TOT,1987,0.092
3283,MEX,TOT,1988,0.051
3284,MEX,TOT,1989,0.094
3285,MEX,TOT,1990,0.083
3286,MEX,TOT,1991,0.086
3287,MEX,TOT,1992,0.152
3288,MEX,TOT,1993,0.12
3289,MEX,TOT,1994,0.102
3290,MEX,TOT,1995,0.133
3291,MEX,TOT,1996,0.134
3292,MEX,TOT,1997,0.125
3293,MEX,TOT,1998,0.425
3294,MEX,TOT,1999,0.551
3295,MEX,TOT,2000,0.601
3296,MEX,TOT,2001,0.64
3297,MEX,TOT,2002,0.738
3298,MEX,TOT,2003,0.932
3299,MEX,TOT,2004,0.818
3300,MEX,TOT,2005,0.898
3301,MEX,TOT,2006,0.911
3302,MEX,TOT,2007,0.914
3303,MEX,TOT,2008,1.018
3304,MEX,TOT,2009,0.989
3305,MEX,TOT,2010,1.04
3306,MEX,TOT,2011,1.001
3307,MEX,TOT,2012,0.989
3308,MEX,TOT,2013,0.988
3309,MEX,TOT,2014,0.968
3310,MEX,TOT,2015,1.028
3311,MEX,TOT,2016,1.029
3312,MEX,TOT,2017,0.877
3313,MEX,TOT,2018,0.814
3314,MEX,TOT,2019,0.626
3315,TUR,TOT,1980,0.627
3316,TUR,TOT,1981,0.552
3317,TUR,TOT,1982,0.565
3318,TUR,TOT,1983,0.601
3319,TUR,TOT,1984,0.549
3320,TUR,TOT,1985,0.516
3321,TUR,TOT,1986,0.537
3322,TUR,TOT,1987,0.578
3323,TUR,TOT,1988,0.626
3324,TUR,TOT,1989,0.754
3325,TUR,TOT,1990,0.896
3326,TUR,TOT,1991,0.923
3327,TUR,TOT,1992,0.857
3328,TUR,TOT,1993,0.731
3329,TUR,TOT,1994,0.34
3330,TUR,TOT,1995,0.242
3331,TUR,TOT,1996,0.847
3332,TUR,TOT,1997,0.827
3333,TUR,TOT,1998,0.713
3334,TUR,TOT,1999,0.785
3335,TUR,TOT,2000,0.205
3336,TUR,TOT,2001,0.217
3337,TUR,TOT,2002,0.233
3338,TUR,TOT,2003,0.224
3339,TUR,TOT,2004,0.23
3340,TUR,TOT,2005,0.263
3341,TUR,TOT,2006,0.246
3342,TUR,TOT,2007,0.312
3343,TUR,TOT,2008,0.294
3344,TUR,TOT,2009,0.34
3345,TUR,TOT,2010,0.315
3346,TUR,TOT,2011,0.328
3347,TUR,TOT,2012,0.354
3348,TUR,TOT,2013,0.378
3349,TUR,TOT,2014,0.369
3350,TUR,TOT,2015,0.379
3351,TUR,TOT,2016,0.469
3352,TUR,TOT,2017,0.478
3353,TUR,TOT,2018,0.452
3354,TUR,TOT,2019,0.538
3436,ITA,TOT,1980,1.037
3437,ITA,TOT,1981,1.236
3438,ITA,TOT,1982,1.087
3439,ITA,TOT,1983,1.048
3440,ITA,TOT,1984,0.971
3441,ITA,TOT,1985,0.872
3442,ITA,TOT,1986,0.76
3443,ITA,TOT,1987,0.712
3444,ITA,TOT,1988,0.716
3445,ITA,TOT,1989,0.806
3446,ITA,TOT,1990,0.869
3447,ITA,TOT,1991,0.722
3448,ITA,TOT,1992,0.71
3449,ITA,TOT,1993,0.685
3450,ITA,TOT,1994,0.665
3451,ITA,TOT,1995,0.579
3452,ITA,TOT,1996,0.619
3453,ITA,TOT,1997,0.666
3454,ITA,TOT,1998,1.074
3455,ITA,TOT,1999,1.165
3456,ITA,TOT,2000,1.169
3457,ITA,TOT,2001,1.217
3458,ITA,TOT,2002,1.117
3459,ITA,TOT,2003,1.2
3460,ITA,TOT,2004,1.218
3461,ITA,TOT,2005,1.204
3462,ITA,TOT,2006,1.286
3463,ITA,TOT,2007,1.273
3464,ITA,TOT,2008,1.321
3465,ITA,TOT,2009,1.474
3466,ITA,TOT,2010,1.32
3467,ITA,TOT,2011,1.32
3468,ITA,TOT,2012,1.377
3469,ITA,TOT,2013,1.412
3470,ITA,TOT,2014,1.403
3471,ITA,TOT,2015,1.393
3472,ITA,TOT,2016,1.377
3473,ITA,TOT,2017,1.408
3474,ITA,TOT,2018,1.41
3475,ITA,TOT,2019,1.419
3557,POL,TOT,1990,1.645
3558,POL,TOT,1991,2.201
3559,POL,TOT,1992,2.142
3560,POL,TOT,1993,1.774
3561,POL,TOT,1994,1.423
3562,POL,TOT,1995,1.035
3563,POL,TOT,1996,0.925
3564,POL,TOT,1997,0.878
3565,POL,TOT,1998,1.067
3566,POL,TOT,1999,1.062
3567,POL,TOT,2000,1.178
3568,POL,TOT,2001,1.182
3569,POL,TOT,2002,1.174
3570,POL,TOT,2003,1.124
3571,POL,TOT,2004,1.231
3572,POL,TOT,2005,1.209
3573,POL,TOT,2006,1.19
3574,POL,TOT,2007,1.156
3575,POL,TOT,2008,1.247
3576,POL,TOT,2009,1.288
3577,POL,TOT,2010,1.334
3578,POL,TOT,2011,1.29
3579,POL,TOT,2012,1.343
3580,POL,TOT,2013,1.417
3581,POL,TOT,2014,1.397
3582,POL,TOT,2015,1.515
3583,POL,TOT,2016,2.541
3584,POL,TOT,2017,2.615
3585,POL,TOT,2018,2.5
3586,POL,TOT,2019,3.02
3627,SVN,TOT,1996,1.898
3628,SVN,TOT,1997,1.943
3629,SVN,TOT,1998,1.884
3630,SVN,TOT,1999,1.999
3631,SVN,TOT,2000,2.133
3632,SVN,TOT,2001,2.085
3633,SVN,TOT,2002,1.999
3634,SVN,TOT,2003,1.958
3635,SVN,TOT,2004,1.935
3636,SVN,TOT,2005,1.911
3637,SVN,TOT,2006,1.873
3638,SVN,TOT,2007,1.703
3639,SVN,TOT,2008,1.746
3640,SVN,TOT,2009,2.051
3641,SVN,TOT,2010,2.116
3642,SVN,TOT,2011,2.13
3643,SVN,TOT,2012,2.059
3644,SVN,TOT,2013,1.928
3645,SVN,TOT,2014,1.847
3646,SVN,TOT,2015,1.782
3647,SVN,TOT,2016,1.723
3648,SVN,TOT,2017,1.844
3649,SVN,TOT,2018,1.81
3650,SVN,TOT,2019,1.813
3772,LVA,TOT,1995,0.0
3773,LVA,TOT,1996,0.0
3774,LVA,TOT,1997,1.465
3775,LVA,TOT,1998,1.499
3776,LVA,TOT,1999,1.582
3777,LVA,TOT,2000,1.487
3778,LVA,TOT,2001,1.439
3779,LVA,TOT,2002,1.341
3780,LVA,TOT,2003,1.331
3781,LVA,TOT,2004,1.232
3782,LVA,TOT,2005,1.236
3783,LVA,TOT,2006,1.117
3784,LVA,TOT,2007,1.085
3785,LVA,TOT,2008,1.885
3786,LVA,TOT,2009,2.411
3787,LVA,TOT,2010,2.135
3788,LVA,TOT,2011,1.781
3789,LVA,TOT,2012,1.619
3790,LVA,TOT,2013,1.817
3791,LVA,TOT,2014,1.952
3792,LVA,TOT,2015,2.187
3793,LVA,TOT,2016,2.248
3794,LVA,TOT,2017,2.244
3795,LVA,TOT,2018,2.24
3796,LVA,TOT,2019,2.253
3847,LTU,TOT,1996,0.818
3848,LTU,TOT,1997,0.991
3849,LTU,TOT,1998,1.27
3850,LTU,TOT,1999,1.397
3851,LTU,TOT,2000,1.327
3852,LTU,TOT,2001,1.171
3853,LTU,TOT,2002,1.097
3854,LTU,TOT,2003,1.012
3855,LTU,TOT,2004,1.126
3856,LTU,TOT,2005,1.723
3857,LTU,TOT,2006,1.656
3858,LTU,TOT,2007,1.66
3859,LTU,TOT,2008,2.318
3860,LTU,TOT,2009,3.461
3861,LTU,TOT,2010,2.843
3862,LTU,TOT,2011,2.346
3863,LTU,TOT,2012,1.793
3864,LTU,TOT,2013,1.581
3865,LTU,TOT,2014,1.574
3866,LTU,TOT,2015,1.628
3867,LTU,TOT,2016,1.711
3868,LTU,TOT,2017,1.779
3869,LTU,TOT,2018,2.27
3870,LTU,TOT,2019,2.46
3919,COL,TOT,2010,1.396
3920,COL,TOT,2011,1.219
3921,COL,TOT,2012,1.5
3922,COL,TOT,2013,1.748
3923,COL,TOT,2014,1.821
3924,COL,TOT,2015,1.958
3925,COL,TOT,2016,1.76
3926,COL,TOT,2017,1.655
3927,COL,TOT,2018,1.665
3928,COL,TOT,2019,1.753
3929,COL,TOT,2020,2.634
3930,COL,TOT,2021,2.267
3955,CRI,TOT,2011,0.916
3956,CRI,TOT,2012,0.892
3957,CRI,TOT,2013,1.026
3958,CRI,TOT,2014,1.01
3959,CRI,TOT,2015,1.05
3960,CRI,TOT,2016,1.059
3961,CRI,TOT,2017,1.027
3962,CRI,TOT,2018,0.92
3963,CRI,TOT,2019,0.98
3964,CRI,TOT,2020,0.963
